{"cameraMode":{"drawMode":0,"name":"Shaded","section":"Shading Mode"},"sceneLighting":false,"audioPlay":false,"sceneViewState":{"showFog":true,"showMaterialUpdate":false,"showSkybox":false,"showFlares":true,"showImageEffects":true,"showParticleSystems":true},"in2DMode":false,"pivot":{"x":-147.451904296875,"y":-19.14674186706543,"z":24.03992462158203},"rotation":{"x":-0.03986887261271477,"y":0.8389678597450256,"z":-0.062036868184804919,"w":-0.5391722917556763},"size":181.16641235351563,"orthographic":false}