{"cameraMode":{"drawMode":0,"name":"Shaded","section":"Shading Mode"},"sceneLighting":true,"audioPlay":false,"sceneViewState":{"showFog":true,"showMaterialUpdate":false,"showSkybox":true,"showFlares":true,"showImageEffects":true,"showParticleSystems":true},"in2DMode":false,"pivot":{"x":-4.69874382019043,"y":-12.858345031738282,"z":42.735469818115237},"rotation":{"x":-0.23574231564998628,"y":0.06349901854991913,"z":-0.015504010953009129,"w":-0.9696403741836548},"size":39.73832321166992,"orthographic":false}